"item number","Designator","Qty","Description_1","MP","Package","Value","Assembly Instructions"
"1","C1,C2","2","22 pF ±2% 50V Ceramic Capacitor C0G, NP0 0603 (1608 Metric)","CC0603GRNPO9BN220","0603 Yageo","crystal_cap",""
"2","C3","1","100nF±10% 10Vdc General Purpose Caps X7R 0402 (1005 Metric)","0402B104K100CT","402-2 WALSIN","vcc_de_cap",""
"3","C4","1","100nF±10% 10Vdc General Purpose Caps X7R 0402 (1005 Metric)","0402B104K100CT","402-2 WALSIN","avcc_de_cap",""
"4","C5","1","100nF±10% 10Vdc General Purpose Caps X7R 0402 (1005 Metric)","0402B104K100CT","402-2 WALSIN","aref_de_cap",""
"5","C6","1","100nF±10% 10Vdc General Purpose Caps X7R 0402 (1005 Metric)","0402B104K100CT","402-2 WALSIN","rst_de_cap",""
"6","C7","1","100nF±10% 10Vdc General Purpose Caps X7R 0402 (1005 Metric)","0402B104K100CT","402-2 WALSIN","max_de_cap",""
"7","C8","1","100nF±10% 10Vdc General Purpose Caps X7R 0402 (1005 Metric)","0402B104K100CT","402-2 WALSIN","uln_de_cap",""
"8","C9,C10,C11,C12,C13,C14","6","ALU Electrolytic, SMD, EXV, +105°C, 25VDC, 5µF, 5 x 5.4 | KEMET EXV226M025A9DAA","EXV226M025A9DAA","Radial KEMET","AC Ripple Filter",""
"9","D1","1","600W, 15V, Bidirectional, TVS","SMBJ15CA","SMB Taiwan Semiconductor","SMBJ15CA",""
"10","J1,J11,J12","3","Connector Header Through Hole 6 position 0.100 (2.54mm)","61300611121","None","61300611121",""
"11","J2,J13","2","Connector Header Through Hole 2 position 0.100 (2.54mm)","61300211121","None","2Pin_jumper",""
"12","J3","1","TERMI-BLOK PCB SIDE ENTRY STAC | TE Connectivity 284391-3","284391-3","None","284391-3",""
"13","J5","1","7 pins, 1 row, straight, gold plating","61300711121","None","61300711121",""
"14","J14","1","6 Position Wire to Board Terminal Block Horizontal with Board 0.200 (5.08mm) Through Hole","282837-6","None","282837-6",""
"15","P1","1","Terminal Block Connector Wire Receptacle 2 5.08 mm 30-16 AWG Green 13.5 A 250 V | TE Connectivity 282837-2","282837-2","None","AC IN",""
"16","PS1","1","The HLK-PM01 is a small size low cost AC to DC converter which can take in 110V/220V AC at 50/60 Hz and give 5V 3W output. The module is can be used in designs which run on 5V and needs to be powered form the AC mains.","hlk-pm01","None","HLK-PM01",""
"17","Q1","1","50-V, 7-ch darlington transistor array, -20C to 70C","ULN2003AN","PDIP-16 Texas Instruments","ULN2003AN",""
"18","R1,R5,R6,R11,R12,R15,R16,R19,R20,R23,R24,R27,R28","13","Res Thick Film 0805 10K Ohm 5% 0.125W(1/8W) 200ppm/C Pad SMD Automotive T/R","RMCF0805JT10K0","0805","10k",""
"19","R2","1","Res Thick Film 1206 120 Ohm 1% 0.25W 100ppm/C Molded SMD Paper T/R","RMCF1206FT120R","1206","120",""
"20","R3,R4","2","""""""Fixed Resistor, Thin Film, 0.25W, 10ohm, 200V, 1% +/-Tol, 100ppm/Cel,  Surface Mount, 0805""""""","RNCP0805FTD10R0","0805","10",""
"21","R7,R8,R9,R10,R13,R14,R17,R18,R21,R22,R25,R26","12","27.4 kOhms ±0.5% 1W Chip Resistor 1206 (3216 Metric) Anti-Sulfur, Automotive AEC-Q200, Moisture Resistant Thin Film","HRG3216P-2702-D-T1","3216 Susumu","HRG3216P-2702-D-T1",""
"22","U1","1","1/1 Transceiver Half RS422, RS485 8-SOIC","MAX485ESA+","SOIC-8 Maxim","MAX485ESA_",""
"23","U2,U4,U5,U6,U7,U8","6","Optoisolator Transistor with Base Output 4170Vrms 1 Channel 6-DIP","H11AA1M","PDIP-6 ON Semiconductor","H11AA1M",""
"24","U3","1","MCU 8-bit - AVR ATmega Family ATmega328 Series Microcontrollers - 20 MHz - 32 KB - 2 KB - 32 Pins.","ATMEGA328P-AU","TQFP-32 Microchip","ATMEGA328P-AU",""
"25","Y1","1","Crystal 16MHz ±10ppm (Tol) ±20ppm (Stability) 18pF FUND 70Ohm 4-Pin Ultra Mini-CSMD T/R","ABM8-16.000MHZ-D1X-T","NON-STANDARD-4 ABRACON","16MHz",""
